strategy_name,window_label,group_type,group_value,total_trades,wins,losses,win_rate,profit_factor,net_profit,average_trade,max_drawdown,max_consecutive_losses
proxy_hardened_no_worst_hours,last_30_trades,session,LONDON,23,11,12,47.82608695652174,1.3355584438381594,203.39929729712134,8.843447708570492,272.4364211400741,3
proxy_hardened_no_worst_hours,last_30_trades,session,NEW YORK,7,1,6,14.285714285714285,0.2416325660542759,-159.3109756478544,-22.758710806836344,210.07096101024848,6
proxy_hardened_no_worst_hours,last_30_trades,hour,10,9,3,6,33.33333333333333,0.6689129238296271,-94.68279924761501,-10.52031102751278,204.74229152796678,4
proxy_hardened_no_worst_hours,last_30_trades,hour,13,7,4,3,57.14285714285714,2.2107678837697025,174.54314744309968,24.93473534901424,115.6567940939861,2
proxy_hardened_no_worst_hours,last_30_trades,hour,14,3,2,1,66.66666666666666,4.2395108942156465,88.84348008325244,29.614493361084147,27.424967220171457,1
proxy_hardened_no_worst_hours,last_30_trades,hour,15,4,2,2,50.0,1.2334947229839488,34.6954690183842,8.67386725459605,114.67257649684156,1
proxy_hardened_no_worst_hours,last_30_trades,hour,18,4,0,4,0.0,0.0,-151.0627239158863,-37.765680978971574,151.0627239158863,4
proxy_hardened_no_worst_hours,last_30_trades,hour,19,2,1,1,50.0,1.6948529027402206,20.81049223509916,10.40524611754958,29.94949312729492,1
proxy_hardened_no_worst_hours,last_30_trades,hour,22,1,0,1,0.0,0.0,-29.058743967067276,-29.058743967067276,29.058743967067276,1
proxy_hardened_no_worst_hours,last_30_trades,side,BUY,14,5,9,35.714285714285715,1.204300223598562,59.71741069815271,4.265529335582337,176.45250785094225,6
proxy_hardened_no_worst_hours,last_30_trades,side,SELL,16,7,9,43.75,0.9701689603787617,-15.629089048885817,-0.9768180655553635,272.4364211400741,3
proxy_hardened_no_worst_hours,last_30_trades,signal_reason,V50 realtime loss proxy | variant=proxy_hardened_no_worst_hours | Side=BUY | score=72.0 | opposite_score=30.0 | session=NEW YORK | RR=2.00,4,0,4,0.0,0.0,-140.81621338422394,-35.204053346055986,140.81621338422394,4
proxy_hardened_no_worst_hours,last_30_trades,signal_reason,V50 realtime loss proxy | variant=proxy_hardened_no_worst_hours | Side=BUY | score=85.0 | opposite_score=4.0 | session=LONDON | RR=2.00,6,4,2,66.66666666666666,5.4968069563887365,246.45335356617858,41.07555892769643,28.502255532985288,1
proxy_hardened_no_worst_hours,last_30_trades,signal_reason,V50 realtime loss proxy | variant=proxy_hardened_no_worst_hours | Side=BUY | score=89.0 | opposite_score=8.0 | session=LONDON | RR=2.00,1,0,1,0.0,0.0,-27.424967220171457,-27.424967220171457,27.424967220171457,1
proxy_hardened_no_worst_hours,last_30_trades,signal_reason,V50 realtime loss proxy | variant=proxy_hardened_no_worst_hours | Side=BUY | score=89.0 | opposite_score=8.0 | session=NEW YORK | RR=2.00,3,1,2,33.33333333333333,0.7329459293750932,-18.494762263630456,-6.164920754543485,69.25474762602454,2
proxy_hardened_no_worst_hours,last_30_trades,signal_reason,V50 realtime loss proxy | variant=proxy_hardened_no_worst_hours | Side=SELL | score=75.0 | opposite_score=4.0 | session=LONDON | RR=2.00,1,0,1,0.0,0.0,-78.23582799266856,-78.23582799266856,78.23582799266856,1
proxy_hardened_no_worst_hours,last_30_trades,signal_reason,V50 realtime loss proxy | variant=proxy_hardened_no_worst_hours | Side=SELL | score=78.0 | opposite_score=19.0 | session=LONDON | RR=2.00,1,1,0,100.0,inf,67.7827230839683,67.7827230839683,0.0,0
proxy_hardened_no_worst_hours,last_30_trades,signal_reason,V50 realtime loss proxy | variant=proxy_hardened_no_worst_hours | Side=SELL | score=79.0 | opposite_score=4.0 | session=LONDON | RR=2.00,2,0,2,0.0,0.0,-42.73037249644978,-21.36518624822489,42.73037249644978,2
proxy_hardened_no_worst_hours,last_30_trades,signal_reason,V50 realtime loss proxy | variant=proxy_hardened_no_worst_hours | Side=SELL | score=80.0 | opposite_score=15.0 | session=LONDON | RR=2.00,1,1,0,100.0,inf,48.48572421945559,48.48572421945559,0.0,0
proxy_hardened_no_worst_hours,last_30_trades,signal_reason,V50 realtime loss proxy | variant=proxy_hardened_no_worst_hours | Side=SELL | score=86.0 | opposite_score=4.0 | session=LONDON | RR=2.00,1,1,0,100.0,inf,68.905037707991,68.905037707991,0.0,0
proxy_hardened_no_worst_hours,last_30_trades,signal_reason,V50 realtime loss proxy | variant=proxy_hardened_no_worst_hours | Side=SELL | score=90.0 | opposite_score=4.0 | session=LONDON | RR=2.00,1,0,1,0.0,0.0,-27.474772926118167,-27.474772926118167,27.474772926118167,1
proxy_hardened_no_worst_hours,last_30_trades,signal_reason,V50 realtime loss proxy | variant=proxy_hardened_no_worst_hours | Side=SELL | score=96.0 | opposite_score=11.0 | session=LONDON | RR=2.00,1,1,0,100.0,inf,46.911465948516565,46.911465948516565,0.0,0
proxy_hardened_no_worst_hours,last_30_trades,signal_reason,V50 realtime loss proxy | variant=proxy_hardened_no_worst_hours | Side=SELL | score=96.0 | opposite_score=4.0 | session=LONDON | RR=2.00,8,3,5,37.5,0.7356098101185703,-99.27306659358078,-12.409133324197597,194.20059314740556,2
proxy_hardened_no_worst_hours,last_30_trades,score_bucket,score_70_74,4,0,4,0.0,0.0,-140.81621338422394,-35.204053346055986,140.81621338422394,4
proxy_hardened_no_worst_hours,last_30_trades,score_bucket,score_75_79,4,1,3,25.0,0.5603443177506909,-53.18347740515003,-13.295869351287507,100.58395018875336,2
proxy_hardened_no_worst_hours,last_30_trades,score_bucket,score_80_89,12,7,5,58.333333333333336,3.0987045251588974,317.92438600982325,26.49369883415194,89.70084972475203,3
proxy_hardened_no_worst_hours,last_30_trades,score_bucket,score_90_plus,10,4,6,40.0,0.8018723185290867,-79.83637357118238,-7.983637357118238,194.20059314740556,2
proxy_hardened_no_worst_hours,last_30_trades,day_of_week,Friday,6,1,5,16.666666666666664,0.6009132274703857,-73.01374814679815,-12.168958024466358,182.9520624900695,5
proxy_hardened_no_worst_hours,last_30_trades,day_of_week,Monday,4,2,2,50.0,0.7141327060887142,-46.99151734161626,-11.747879335404065,164.38227926906285,2
proxy_hardened_no_worst_hours,last_30_trades,day_of_week,Sunday,1,0,1,0.0,0.0,-29.058743967067276,-29.058743967067276,29.058743967067276,1
proxy_hardened_no_worst_hours,last_30_trades,day_of_week,Thursday,6,2,4,33.33333333333333,0.7341386460336768,-61.47107375934405,-10.245178959890675,168.25888375459937,2
proxy_hardened_no_worst_hours,last_30_trades,day_of_week,Tuesday,5,2,3,40.0,1.0883155133949312,11.206178440231469,2.241235688046294,104.53987300946238,2
proxy_hardened_no_worst_hours,last_30_trades,day_of_week,Wednesday,8,5,3,62.5,3.9784284990321868,243.41722642386117,30.427153302982646,47.807217520536426,2
proxy_hardened_no_worst_hours,last_50_trades,session,LONDON,38,17,21,44.73684210526316,1.325118462608235,304.20064210491915,8.005280055392609,272.4364211400741,3
proxy_hardened_no_worst_hours,last_50_trades,session,NEW YORK,12,2,10,16.666666666666664,0.33643093117847495,-251.82535199012446,-20.98544599917704,302.58533735251854,6
proxy_hardened_no_worst_hours,last_50_trades,hour,10,13,4,9,30.76923076923077,0.6289975539679217,-140.56433131804263,-10.812640870618663,250.6238235983944,4
proxy_hardened_no_worst_hours,last_50_trades,hour,13,13,6,7,46.15384615384615,1.4741415712511436,143.4094364067805,11.031495108213884,115.6567940939861,2
proxy_hardened_no_worst_hours,last_50_trades,hour,14,6,4,2,66.66666666666666,4.009227853777079,201.3945414024957,33.56575690041595,39.50068653174108,1
proxy_hardened_no_worst_hours,last_50_trades,hour,15,6,3,3,50.0,1.5334184610233237,99.96099561368564,16.660165935614273,153.4774414757706,2
proxy_hardened_no_worst_hours,last_50_trades,hour,18,7,1,6,14.285714285714285,0.31025423388071416,-170.9968233021983,-24.428117614599756,170.9968233021983,4
proxy_hardened_no_worst_hours,last_50_trades,hour,19,4,1,3,25.0,0.49507557971872546,-51.76978472085886,-12.942446180214715,102.52977008325294,3
proxy_hardened_no_worst_hours,last_50_trades,hour,22,1,0,1,0.0,0.0,-29.058743967067276,-29.058743967067276,29.058743967067276,1
proxy_hardened_no_worst_hours,last_50_trades,side,BUY,28,9,19,32.142857142857146,0.9890206405446189,-7.468223726131669,-0.26672227593327386,318.1960779252088,8
proxy_hardened_no_worst_hours,last_50_trades,side,SELL,22,10,12,45.45454545454545,1.0942482116306733,59.84351384092641,2.7201597200421097,272.4364211400741,3
proxy_hardened_no_worst_hours,last_50_trades,signal_reason,V50 realtime loss proxy | variant=proxy_hardened_no_worst_hours | Side=BUY | score=100.0 | opposite_score=8.0 | session=NEW YORK | RR=2.00,2,1,1,50.0,1.8037184812836309,34.272983792539605,17.136491896269803,42.64302064797826,1
proxy_hardened_no_worst_hours,last_50_trades,signal_reason,V50 realtime loss proxy | variant=proxy_hardened_no_worst_hours | Side=BUY | score=72.0 | opposite_score=30.0 | session=NEW YORK | RR=2.00,4,0,4,0.0,0.0,-140.81621338422394,-35.204053346055986,140.81621338422394,4
proxy_hardened_no_worst_hours,last_50_trades,signal_reason,V50 realtime loss proxy | variant=proxy_hardened_no_worst_hours | Side=BUY | score=72.0 | opposite_score=8.0 | session=NEW YORK | RR=2.00,1,0,1,0.0,0.0,-54.207083178851605,-54.207083178851605,54.207083178851605,1
proxy_hardened_no_worst_hours,last_50_trades,signal_reason,V50 realtime loss proxy | variant=proxy_hardened_no_worst_hours | Side=BUY | score=74.0 | opposite_score=4.0 | session=LONDON | RR=2.00,3,2,1,66.66666666666666,5.489412542631368,131.99210509517937,43.99736836505979,29.400752067622452,1
proxy_hardened_no_worst_hours,last_50_trades,signal_reason,V50 realtime loss proxy | variant=proxy_hardened_no_worst_hours | Side=BUY | score=76.0 | opposite_score=4.0 | session=LONDON | RR=2.00,2,0,2,0.0,0.0,-79.86425854305736,-39.93212927152868,79.86425854305736,2
proxy_hardened_no_worst_hours,last_50_trades,signal_reason,V50 realtime loss proxy | variant=proxy_hardened_no_worst_hours | Side=BUY | score=80.0 | opposite_score=8.0 | session=LONDON | RR=2.00,2,1,1,50.0,2.086268850960507,42.908365370985564,21.454182685492782,39.50068653174108,1
proxy_hardened_no_worst_hours,last_50_trades,signal_reason,V50 realtime loss proxy | variant=proxy_hardened_no_worst_hours | Side=BUY | score=85.0 | opposite_score=4.0 | session=LONDON | RR=2.00,7,4,3,57.14285714285714,3.8509229411709582,223.02914711330314,31.861306730471878,28.502255532985288,1
proxy_hardened_no_worst_hours,last_50_trades,signal_reason,V50 realtime loss proxy | variant=proxy_hardened_no_worst_hours | Side=BUY | score=89.0 | opposite_score=8.0 | session=LONDON | RR=2.00,1,0,1,0.0,0.0,-27.424967220171457,-27.424967220171457,27.424967220171457,1
proxy_hardened_no_worst_hours,last_50_trades,signal_reason,V50 realtime loss proxy | variant=proxy_hardened_no_worst_hours | Side=BUY | score=89.0 | opposite_score=8.0 | session=NEW YORK | RR=2.00,5,1,4,20.0,0.35788047072290047,-91.07503921958849,-18.215007843917697,141.83502458198257,4
proxy_hardened_no_worst_hours,last_50_trades,signal_reason,V50 realtime loss proxy | variant=proxy_hardened_no_worst_hours | Side=BUY | score=96.0 | opposite_score=4.0 | session=LONDON | RR=2.00,1,0,1,0.0,0.0,-46.283263552246495,-46.283263552246495,46.283263552246495,1
proxy_hardened_no_worst_hours,last_50_trades,signal_reason,V50 realtime loss proxy | variant=proxy_hardened_no_worst_hours | Side=SELL | score=75.0 | opposite_score=4.0 | session=LONDON | RR=2.00,1,0,1,0.0,0.0,-78.23582799266856,-78.23582799266856,78.23582799266856,1
proxy_hardened_no_worst_hours,last_50_trades,signal_reason,V50 realtime loss proxy | variant=proxy_hardened_no_worst_hours | Side=SELL | score=78.0 | opposite_score=19.0 | session=LONDON | RR=2.00,1,1,0,100.0,inf,67.7827230839683,67.7827230839683,0.0,0
proxy_hardened_no_worst_hours,last_50_trades,signal_reason,V50 realtime loss proxy | variant=proxy_hardened_no_worst_hours | Side=SELL | score=79.0 | opposite_score=4.0 | session=LONDON | RR=2.00,3,1,2,33.33333333333333,1.100389372310402,4.289675273508259,1.4298917578360861,42.73037249644978,2
proxy_hardened_no_worst_hours,last_50_trades,signal_reason,V50 realtime loss proxy | variant=proxy_hardened_no_worst_hours | Side=SELL | score=80.0 | opposite_score=15.0 | session=LONDON | RR=2.00,1,1,0,100.0,inf,48.48572421945559,48.48572421945559,0.0,0
proxy_hardened_no_worst_hours,last_50_trades,signal_reason,V50 realtime loss proxy | variant=proxy_hardened_no_worst_hours | Side=SELL | score=85.0 | opposite_score=4.0 | session=LONDON | RR=2.00,4,1,3,25.0,0.6290383999314394,-41.190140828403514,-10.297535207100879,111.03613101946618,3
proxy_hardened_no_worst_hours,last_50_trades,signal_reason,V50 realtime loss proxy | variant=proxy_hardened_no_worst_hours | Side=SELL | score=86.0 | opposite_score=4.0 | session=LONDON | RR=2.00,1,1,0,100.0,inf,68.905037707991,68.905037707991,0.0,0
proxy_hardened_no_worst_hours,last_50_trades,signal_reason,V50 realtime loss proxy | variant=proxy_hardened_no_worst_hours | Side=SELL | score=89.0 | opposite_score=8.0 | session=LONDON | RR=2.00,1,1,0,100.0,inf,69.64269594825768,69.64269594825768,0.0,0
proxy_hardened_no_worst_hours,last_50_trades,signal_reason,V50 realtime loss proxy | variant=proxy_hardened_no_worst_hours | Side=SELL | score=90.0 | opposite_score=4.0 | session=LONDON | RR=2.00,1,0,1,0.0,0.0,-27.474772926118167,-27.474772926118167,27.474772926118167,1
proxy_hardened_no_worst_hours,last_50_trades,signal_reason,V50 realtime loss proxy | variant=proxy_hardened_no_worst_hours | Side=SELL | score=96.0 | opposite_score=11.0 | session=LONDON | RR=2.00,1,1,0,100.0,inf,46.911465948516565,46.911465948516565,0.0,0
proxy_hardened_no_worst_hours,last_50_trades,signal_reason,V50 realtime loss proxy | variant=proxy_hardened_no_worst_hours | Side=SELL | score=96.0 | opposite_score=4.0 | session=LONDON | RR=2.00,8,3,5,37.5,0.7356098101185703,-99.27306659358078,-12.409133324197597,194.20059314740556,2
proxy_hardened_no_worst_hours,last_50_trades,score_bucket,score_70_74,8,2,6,25.0,0.7191424365950307,-63.03119146789618,-7.878898933487022,140.81621338422394,4
proxy_hardened_no_worst_hours,last_50_trades,score_bucket,score_75_79,7,2,5,28.57142857142857,0.5716402352868866,-86.02768817824935,-12.289669739749908,133.42816096185268,2
proxy_hardened_no_worst_hours,last_50_trades,score_bucket,score_80_89,22,10,12,45.45454545454545,1.736835918139609,293.2808230918295,13.330946504174069,108.41064635038535,3
proxy_hardened_no_worst_hours,last_50_trades,score_bucket,score_90_plus,13,5,8,38.46153846153847,0.8132744362803216,-91.84665333088927,-7.065127179299174,240.48385669965208,2
proxy_hardened_no_worst_hours,last_50_trades,day_of_week,Friday,13,5,8,38.46153846153847,1.3925127023374169,117.79216277277374,9.060935597905672,182.95206249006947,5
proxy_hardened_no_worst_hours,last_50_trades,day_of_week,Monday,7,2,5,28.57142857142857,0.4018670505873598,-174.72266652077008,-24.960380931538584,292.11342844821667,5
proxy_hardened_no_worst_hours,last_50_trades,day_of_week,Sunday,1,0,1,0.0,0.0,-29.058743967067276,-29.058743967067276,29.058743967067276,1
proxy_hardened_no_worst_hours,last_50_trades,day_of_week,Thursday,9,2,7,22.22222222222222,0.5246445013679402,-153.79671881158302,-17.088524312398114,260.5845288068383,5
proxy_hardened_no_worst_hours,last_50_trades,day_of_week,Tuesday,9,4,5,44.44444444444444,1.4043339817355083,83.59696199096342,9.28855133232927,104.53987300946238,2
proxy_hardened_no_worst_hours,last_50_trades,day_of_week,Wednesday,11,6,5,54.54545454545454,2.2748451280164756,208.56429465047793,18.960390422770722,81.87297954334127,2
proxy_hardened_no_worst_hours,last_100_trades,session,LONDON,74,34,40,45.94594594594595,1.8164097195582773,1087.1147866109523,14.690740359607464,272.436421140074,3
proxy_hardened_no_worst_hours,last_100_trades,session,NEW YORK,26,9,17,34.61538461538461,0.5746763179729044,-249.58836108032605,-9.599552349243309,392.21558897202334,6
proxy_hardened_no_worst_hours,last_100_trades,hour,10,23,6,17,26.08695652173913,0.8284129375168777,-89.81899228814754,-3.905173577745545,250.6238235983944,5
proxy_hardened_no_worst_hours,last_100_trades,hour,13,22,11,11,50.0,1.6290698775965022,229.52516359041422,10.432961981382464,115.6567940939861,2
proxy_hardened_no_worst_hours,last_100_trades,hour,14,17,11,6,64.70588235294117,4.6186800068128315,703.8091299229797,41.40053705429292,106.25643558308394,2
proxy_hardened_no_worst_hours,last_100_trades,hour,15,12,6,6,50.0,1.979246848876163,243.59948538570583,20.299957115475486,153.4774414757706,2
proxy_hardened_no_worst_hours,last_100_trades,hour,18,18,6,12,33.33333333333333,0.5633119959219467,-186.76983249590938,-10.376101805328299,260.62707492170307,4
proxy_hardened_no_worst_hours,last_100_trades,hour,19,6,2,4,33.33333333333333,0.5823047120387921,-54.327449347631834,-9.054574891271972,130.06478864726216,4
proxy_hardened_no_worst_hours,last_100_trades,hour,21,1,1,0,100.0,inf,20.567664730282488,20.567664730282488,0.0,0
proxy_hardened_no_worst_hours,last_100_trades,hour,22,1,0,1,0.0,0.0,-29.058743967067276,-29.058743967067276,29.058743967067276,1
proxy_hardened_no_worst_hours,last_100_trades,side,BUY,71,31,40,43.66197183098591,1.3060168679746849,369.4916432398185,5.204107651265049,344.21242278120525,8
proxy_hardened_no_worst_hours,last_100_trades,side,SELL,29,12,17,41.37931034482759,1.6582978300982594,468.0347822908078,16.13913042382096,272.436421140074,5
proxy_hardened_no_worst_hours,last_100_trades,signal_reason,V50 realtime loss proxy | variant=proxy_hardened_no_worst_hours | Side=BUY | score=100.0 | opposite_score=8.0 | session=LONDON | RR=2.00,1,1,0,100.0,inf,56.39224863893091,56.39224863893091,0.0,0
proxy_hardened_no_worst_hours,last_100_trades,signal_reason,V50 realtime loss proxy | variant=proxy_hardened_no_worst_hours | Side=BUY | score=100.0 | opposite_score=8.0 | session=NEW YORK | RR=2.00,5,3,2,60.0,2.07023162661129,60.62748727585718,12.125497455171436,56.648940069005434,2
proxy_hardened_no_worst_hours,last_100_trades,signal_reason,V50 realtime loss proxy | variant=proxy_hardened_no_worst_hours | Side=BUY | score=72.0 | opposite_score=19.0 | session=LONDON | RR=2.00,1,1,0,100.0,inf,131.9982096808379,131.9982096808379,0.0,0
proxy_hardened_no_worst_hours,last_100_trades,signal_reason,V50 realtime loss proxy | variant=proxy_hardened_no_worst_hours | Side=BUY | score=72.0 | opposite_score=19.0 | session=NEW YORK | RR=2.00,1,0,1,0.0,0.0,-89.63025161950478,-89.63025161950478,89.63025161950478,1
proxy_hardened_no_worst_hours,last_100_trades,signal_reason,V50 realtime loss proxy | variant=proxy_hardened_no_worst_hours | Side=BUY | score=72.0 | opposite_score=30.0 | session=NEW YORK | RR=2.00,4,0,4,0.0,0.0,-140.81621338422394,-35.204053346055986,140.81621338422394,4
proxy_hardened_no_worst_hours,last_100_trades,signal_reason,V50 realtime loss proxy | variant=proxy_hardened_no_worst_hours | Side=BUY | score=72.0 | opposite_score=8.0 | session=NEW YORK | RR=2.00,2,0,2,0.0,0.0,-73.22352084222824,-36.61176042111412,73.22352084222824,2
proxy_hardened_no_worst_hours,last_100_trades,signal_reason,V50 realtime loss proxy | variant=proxy_hardened_no_worst_hours | Side=BUY | score=74.0 | opposite_score=4.0 | session=LONDON | RR=2.00,7,5,2,71.42857142857143,5.4939823819936295,299.7059662757956,42.81513803939937,37.289755549107355,1
proxy_hardened_no_worst_hours,last_100_trades,signal_reason,V50 realtime loss proxy | variant=proxy_hardened_no_worst_hours | Side=BUY | score=75.0 | opposite_score=11.0 | session=LONDON | RR=2.00,1,1,0,100.0,inf,43.349573044802895,43.349573044802895,0.0,0
proxy_hardened_no_worst_hours,last_100_trades,signal_reason,V50 realtime loss proxy | variant=proxy_hardened_no_worst_hours | Side=BUY | score=76.0 | opposite_score=4.0 | session=LONDON | RR=2.00,5,2,3,40.0,0.29501731631808603,-74.31518793042198,-14.863037586084397,105.41420328552746,3
proxy_hardened_no_worst_hours,last_100_trades,signal_reason,V50 realtime loss proxy | variant=proxy_hardened_no_worst_hours | Side=BUY | score=78.0 | opposite_score=19.0 | session=NEW YORK | RR=2.00,1,0,1,0.0,0.0,-16.022138988976693,-16.022138988976693,16.022138988976693,1
proxy_hardened_no_worst_hours,last_100_trades,signal_reason,V50 realtime loss proxy | variant=proxy_hardened_no_worst_hours | Side=BUY | score=78.0 | opposite_score=8.0 | session=LONDON | RR=2.00,4,2,2,50.0,0.8722665958922168,-13.5724962253867,-3.393124056346675,106.25643558308394,2
proxy_hardened_no_worst_hours,last_100_trades,signal_reason,V50 realtime loss proxy | variant=proxy_hardened_no_worst_hours | Side=BUY | score=78.0 | opposite_score=8.0 | session=NEW YORK | RR=2.00,2,1,1,50.0,2.586046568145058,45.01742399972653,22.508711999863266,28.383418812460295,1
proxy_hardened_no_worst_hours,last_100_trades,signal_reason,V50 realtime loss proxy | variant=proxy_hardened_no_worst_hours | Side=BUY | score=80.0 | opposite_score=15.0 | session=LONDON | RR=2.00,1,1,0,100.0,inf,28.8316223742476,28.8316223742476,0.0,0
proxy_hardened_no_worst_hours,last_100_trades,signal_reason,V50 realtime loss proxy | variant=proxy_hardened_no_worst_hours | Side=BUY | score=80.0 | opposite_score=29.0 | session=LONDON | RR=2.00,1,0,1,0.0,0.0,-9.701920442934425,-9.701920442934425,9.701920442934425,1
proxy_hardened_no_worst_hours,last_100_trades,signal_reason,V50 realtime loss proxy | variant=proxy_hardened_no_worst_hours | Side=BUY | score=80.0 | opposite_score=4.0 | session=LONDON | RR=2.00,1,1,0,100.0,inf,23.381412893911076,23.381412893911076,0.0,0
proxy_hardened_no_worst_hours,last_100_trades,signal_reason,V50 realtime loss proxy | variant=proxy_hardened_no_worst_hours | Side=BUY | score=80.0 | opposite_score=8.0 | session=LONDON | RR=2.00,3,2,1,66.66666666666666,2.536642681302979,60.69844086544309,20.232813621814362,39.50068653174108,1
proxy_hardened_no_worst_hours,last_100_trades,signal_reason,V50 realtime loss proxy | variant=proxy_hardened_no_worst_hours | Side=BUY | score=80.0 | opposite_score=8.0 | session=NEW YORK | RR=2.00,3,1,2,33.33333333333333,0.6203966345282812,-15.282944954017074,-5.094314984672358,27.535018564009224,1
proxy_hardened_no_worst_hours,last_100_trades,signal_reason,V50 realtime loss proxy | variant=proxy_hardened_no_worst_hours | Side=BUY | score=81.0 | opposite_score=4.0 | session=LONDON | RR=2.00,1,1,0,100.0,inf,41.15227827080329,41.15227827080329,0.0,0
proxy_hardened_no_worst_hours,last_100_trades,signal_reason,V50 realtime loss proxy | variant=proxy_hardened_no_worst_hours | Side=BUY | score=83.0 | opposite_score=8.0 | session=NEW YORK | RR=2.00,1,1,0,100.0,inf,19.93456242090626,19.93456242090626,0.0,0
proxy_hardened_no_worst_hours,last_100_trades,signal_reason,V50 realtime loss proxy | variant=proxy_hardened_no_worst_hours | Side=BUY | score=85.0 | opposite_score=4.0 | session=LONDON | RR=2.00,7,4,3,57.14285714285714,3.8509229411709582,223.02914711330314,31.861306730471878,28.502255532985288,1
proxy_hardened_no_worst_hours,last_100_trades,signal_reason,V50 realtime loss proxy | variant=proxy_hardened_no_worst_hours | Side=BUY | score=89.0 | opposite_score=8.0 | session=LONDON | RR=2.00,1,0,1,0.0,0.0,-27.424967220171457,-27.424967220171457,27.424967220171457,1
proxy_hardened_no_worst_hours,last_100_trades,signal_reason,V50 realtime loss proxy | variant=proxy_hardened_no_worst_hours | Side=BUY | score=89.0 | opposite_score=8.0 | session=NEW YORK | RR=2.00,5,1,4,20.0,0.35788047072290047,-91.07503921958849,-18.215007843917697,141.83502458198257,4
proxy_hardened_no_worst_hours,last_100_trades,signal_reason,V50 realtime loss proxy | variant=proxy_hardened_no_worst_hours | Side=BUY | score=90.0 | opposite_score=4.0 | session=LONDON | RR=2.00,1,0,1,0.0,0.0,-14.90649119582311,-14.90649119582311,14.90649119582311,1
proxy_hardened_no_worst_hours,last_100_trades,signal_reason,V50 realtime loss proxy | variant=proxy_hardened_no_worst_hours | Side=BUY | score=94.0 | opposite_score=15.0 | session=LONDON | RR=2.00,1,0,1,0.0,0.0,-11.609321657269064,-11.609321657269064,11.609321657269064,1
proxy_hardened_no_worst_hours,last_100_trades,signal_reason,V50 realtime loss proxy | variant=proxy_hardened_no_worst_hours | Side=BUY | score=94.0 | opposite_score=8.0 | session=NEW YORK | RR=2.00,2,2,0,100.0,inf,50.882274231723244,25.441137115861622,0.0,0
proxy_hardened_no_worst_hours,last_100_trades,signal_reason,V50 realtime loss proxy | variant=proxy_hardened_no_worst_hours | Side=BUY | score=96.0 | opposite_score=4.0 | session=LONDON | RR=2.00,9,1,8,11.11111111111111,0.14259621420523955,-137.92851016592425,-15.325390018436028,148.40289889545127,7
proxy_hardened_no_worst_hours,last_100_trades,signal_reason,V50 realtime loss proxy | variant=proxy_hardened_no_worst_hours | Side=SELL | score=75.0 | opposite_score=4.0 | session=LONDON | RR=2.00,2,0,2,0.0,0.0,-96.4410990395056,-48.2205495197528,96.4410990395056,2
proxy_hardened_no_worst_hours,last_100_trades,signal_reason,V50 realtime loss proxy | variant=proxy_hardened_no_worst_hours | Side=SELL | score=78.0 | opposite_score=19.0 | session=LONDON | RR=2.00,1,1,0,100.0,inf,67.7827230839683,67.7827230839683,0.0,0
proxy_hardened_no_worst_hours,last_100_trades,signal_reason,V50 realtime loss proxy | variant=proxy_hardened_no_worst_hours | Side=SELL | score=78.0 | opposite_score=30.0 | session=LONDON | RR=2.00,1,1,0,100.0,inf,302.2861706576003,302.2861706576003,0.0,0
proxy_hardened_no_worst_hours,last_100_trades,signal_reason,V50 realtime loss proxy | variant=proxy_hardened_no_worst_hours | Side=SELL | score=79.0 | opposite_score=26.0 | session=LONDON | RR=2.00,2,0,2,0.0,0.0,-24.718437501688786,-12.359218750844393,24.718437501688786,2
proxy_hardened_no_worst_hours,last_100_trades,signal_reason,V50 realtime loss proxy | variant=proxy_hardened_no_worst_hours | Side=SELL | score=79.0 | opposite_score=4.0 | session=LONDON | RR=2.00,3,1,2,33.33333333333333,1.100389372310402,4.289675273508259,1.4298917578360861,42.73037249644978,2
proxy_hardened_no_worst_hours,last_100_trades,signal_reason,V50 realtime loss proxy | variant=proxy_hardened_no_worst_hours | Side=SELL | score=80.0 | opposite_score=15.0 | session=LONDON | RR=2.00,1,1,0,100.0,inf,48.48572421945559,48.48572421945559,0.0,0
proxy_hardened_no_worst_hours,last_100_trades,signal_reason,V50 realtime loss proxy | variant=proxy_hardened_no_worst_hours | Side=SELL | score=85.0 | opposite_score=4.0 | session=LONDON | RR=2.00,7,2,5,28.57142857142857,1.7468000335732579,107.63866551240338,15.376952216057626,111.03613101946618,3
proxy_hardened_no_worst_hours,last_100_trades,signal_reason,V50 realtime loss proxy | variant=proxy_hardened_no_worst_hours | Side=SELL | score=86.0 | opposite_score=4.0 | session=LONDON | RR=2.00,1,1,0,100.0,inf,68.905037707991,68.905037707991,0.0,0
proxy_hardened_no_worst_hours,last_100_trades,signal_reason,V50 realtime loss proxy | variant=proxy_hardened_no_worst_hours | Side=SELL | score=89.0 | opposite_score=8.0 | session=LONDON | RR=2.00,1,1,0,100.0,inf,69.64269594825768,69.64269594825768,0.0,0
proxy_hardened_no_worst_hours,last_100_trades,signal_reason,V50 realtime loss proxy | variant=proxy_hardened_no_worst_hours | Side=SELL | score=90.0 | opposite_score=4.0 | session=LONDON | RR=2.00,1,0,1,0.0,0.0,-27.474772926118167,-27.474772926118167,27.474772926118167,1
proxy_hardened_no_worst_hours,last_100_trades,signal_reason,V50 realtime loss proxy | variant=proxy_hardened_no_worst_hours | Side=SELL | score=96.0 | opposite_score=11.0 | session=LONDON | RR=2.00,1,1,0,100.0,inf,46.911465948516565,46.911465948516565,0.0,0
proxy_hardened_no_worst_hours,last_100_trades,signal_reason,V50 realtime loss proxy | variant=proxy_hardened_no_worst_hours | Side=SELL | score=96.0 | opposite_score=4.0 | session=LONDON | RR=2.00,8,3,5,37.5,0.7356098101185703,-99.27306659358078,-12.409133324197597,194.20059314740556,2
proxy_hardened_no_worst_hours,last_100_trades,score_bucket,score_70_74,15,6,9,40.0,1.3457015323465538,128.03419011067655,8.535612674045103,140.81621338422394,4
proxy_hardened_no_worst_hours,last_100_trades,score_bucket,score_75_79,22,9,13,40.909090909090914,1.5658937784351612,237.65620637362653,10.802554835164843,133.42816096185265,3
proxy_hardened_no_worst_hours,last_100_trades,score_bucket,score_80_89,34,17,17,50.0,2.139534400118977,548.2147154900107,16.12396222029443,108.41064635038535,3
proxy_hardened_no_worst_hours,last_100_trades,score_bucket,score_90_plus,29,11,18,37.93103448275862,0.8819470236670175,-76.37868644368749,-2.6337478084030166,268.12149208571407,3
proxy_hardened_no_worst_hours,last_100_trades,day_of_week,Friday,26,15,11,57.692307692307686,3.294026029918787,783.4234768069725,30.13167218488356,182.95206249006935,5
proxy_hardened_no_worst_hours,last_100_trades,day_of_week,Monday,16,7,9,43.75,0.6410289611871369,-147.05774673313329,-9.19110917082083,395.6587354755386,8
proxy_hardened_no_worst_hours,last_100_trades,day_of_week,Sunday,1,0,1,0.0,0.0,-29.058743967067276,-29.058743967067276,29.058743967067276,1
proxy_hardened_no_worst_hours,last_100_trades,day_of_week,Thursday,17,3,14,17.647058823529413,0.7170076946875658,-138.79876132247065,-8.164633018968862,260.5845288068383,7
proxy_hardened_no_worst_hours,last_100_trades,day_of_week,Tuesday,21,9,12,42.857142857142854,1.2613896032840453,99.87435139857939,4.755921495170448,169.49451016256214,3
proxy_hardened_no_worst_hours,last_100_trades,day_of_week,Wednesday,19,9,10,47.368421052631575,2.0132966901639513,269.14384934774574,14.165465755144513,87.10588541015429,4
proxy_hardened_no_worst_hours,last_month,session,LONDON,14,7,7,50.0,2.2132695209588915,226.09996656581262,16.14999761184376,78.27534494924156,3
proxy_hardened_no_worst_hours,last_month,session,NEW YORK,6,1,5,16.666666666666664,0.3253711609958905,-105.24642038982068,-17.541070064970114,156.00640575221476,5
proxy_hardened_no_worst_hours,last_month,hour,10,6,2,4,33.33333333333333,1.140404263876857,13.55030184099001,2.2583836401650017,96.50919043936177,4
proxy_hardened_no_worst_hours,last_month,hour,13,3,2,1,66.66666666666666,4.063415385581489,87.31424812352228,29.104749374507424,28.50225553298529,1
proxy_hardened_no_worst_hours,last_month,hour,14,3,2,1,66.66666666666666,4.2395108942156465,88.84348008325244,29.614493361084147,27.424967220171457,1
proxy_hardened_no_worst_hours,last_month,hour,15,2,1,1,50.0,2.0728908577845644,36.391936518047885,18.195968259023942,33.91951404376246,1
proxy_hardened_no_worst_hours,last_month,hour,18,3,0,3,0.0,0.0,-96.99816865785257,-32.33272288595086,96.99816865785257,3
proxy_hardened_no_worst_hours,last_month,hour,19,2,1,1,50.0,1.6948529027402206,20.81049223509916,10.40524611754958,29.94949312729492,1
proxy_hardened_no_worst_hours,last_month,hour,22,1,0,1,0.0,0.0,-29.058743967067276,-29.058743967067276,29.058743967067276,1
proxy_hardened_no_worst_hours,last_month,side,BUY,11,3,8,27.27272727272727,0.746477363859429,-60.39864301933605,-5.4907857290305495,176.45250785094225,6
proxy_hardened_no_worst_hours,last_month,side,SELL,9,5,4,55.55555555555556,2.7407229961115736,181.252189195328,20.139132132814222,33.91951404376246,1
proxy_hardened_no_worst_hours,last_month,signal_reason,V50 realtime loss proxy | variant=proxy_hardened_no_worst_hours | Side=BUY | score=72.0 | opposite_score=30.0 | session=NEW YORK | RR=2.00,3,0,3,0.0,0.0,-86.75165812619024,-28.917219375396744,86.75165812619024,3
proxy_hardened_no_worst_hours,last_month,signal_reason,V50 realtime loss proxy | variant=proxy_hardened_no_worst_hours | Side=BUY | score=85.0 | opposite_score=4.0 | session=LONDON | RR=2.00,4,2,2,50.0,2.318694089286553,72.27274459065609,18.068186147664022,28.50225553298529,1
proxy_hardened_no_worst_hours,last_month,signal_reason,V50 realtime loss proxy | variant=proxy_hardened_no_worst_hours | Side=BUY | score=89.0 | opposite_score=8.0 | session=LONDON | RR=2.00,1,0,1,0.0,0.0,-27.424967220171457,-27.424967220171457,27.424967220171457,1
proxy_hardened_no_worst_hours,last_month,signal_reason,V50 realtime loss proxy | variant=proxy_hardened_no_worst_hours | Side=BUY | score=89.0 | opposite_score=8.0 | session=NEW YORK | RR=2.00,3,1,2,33.33333333333333,0.7329459293750932,-18.494762263630456,-6.164920754543485,69.25474762602454,2
proxy_hardened_no_worst_hours,last_month,signal_reason,V50 realtime loss proxy | variant=proxy_hardened_no_worst_hours | Side=SELL | score=78.0 | opposite_score=19.0 | session=LONDON | RR=2.00,1,1,0,100.0,inf,67.7827230839683,67.7827230839683,0.0,0
proxy_hardened_no_worst_hours,last_month,signal_reason,V50 realtime loss proxy | variant=proxy_hardened_no_worst_hours | Side=SELL | score=79.0 | opposite_score=4.0 | session=LONDON | RR=2.00,2,0,2,0.0,0.0,-42.73037249644978,-21.36518624822489,42.73037249644978,2
proxy_hardened_no_worst_hours,last_month,signal_reason,V50 realtime loss proxy | variant=proxy_hardened_no_worst_hours | Side=SELL | score=80.0 | opposite_score=15.0 | session=LONDON | RR=2.00,1,1,0,100.0,inf,48.48572421945559,48.48572421945559,0.0,0
proxy_hardened_no_worst_hours,last_month,signal_reason,V50 realtime loss proxy | variant=proxy_hardened_no_worst_hours | Side=SELL | score=86.0 | opposite_score=4.0 | session=LONDON | RR=2.00,1,1,0,100.0,inf,68.905037707991,68.905037707991,0.0,0
proxy_hardened_no_worst_hours,last_month,signal_reason,V50 realtime loss proxy | variant=proxy_hardened_no_worst_hours | Side=SELL | score=90.0 | opposite_score=4.0 | session=LONDON | RR=2.00,1,0,1,0.0,0.0,-27.474772926118167,-27.474772926118167,27.474772926118167,1
proxy_hardened_no_worst_hours,last_month,signal_reason,V50 realtime loss proxy | variant=proxy_hardened_no_worst_hours | Side=SELL | score=96.0 | opposite_score=11.0 | session=LONDON | RR=2.00,1,1,0,100.0,inf,46.911465948516565,46.911465948516565,0.0,0
proxy_hardened_no_worst_hours,last_month,signal_reason,V50 realtime loss proxy | variant=proxy_hardened_no_worst_hours | Side=SELL | score=96.0 | opposite_score=4.0 | session=LONDON | RR=2.00,2,1,1,50.0,1.5711279835250735,19.37238365796447,9.686191828982235,33.91951404376246,1
proxy_hardened_no_worst_hours,last_month,score_bucket,score_70_74,3,0,3,0.0,0.0,-86.75165812619024,-28.917219375396744,86.75165812619024,3
proxy_hardened_no_worst_hours,last_month,score_bucket,score_75_79,3,1,2,33.33333333333333,1.586289075518824,25.05235058751853,8.350783529172842,22.348122196084805,1
proxy_hardened_no_worst_hours,last_month,score_bucket,score_80_89,10,5,5,50.0,1.9488913987113823,143.74377703430076,14.374377703430076,89.70084972475203,3
proxy_hardened_no_worst_hours,last_month,score_bucket,score_90_plus,4,2,2,50.0,1.6321284698591283,38.809076680362864,9.702269170090716,33.91951404376246,1
proxy_hardened_no_worst_hours,last_month,day_of_week,Friday,3,0,3,0.0,0.0,-91.46654113071824,-30.488847043572747,91.46654113071824,3
proxy_hardened_no_worst_hours,last_month,day_of_week,Monday,3,2,1,66.66666666666666,4.11864814669112,88.8885063944613,29.6295021314871,28.50225553298529,1
proxy_hardened_no_worst_hours,last_month,day_of_week,Sunday,1,0,1,0.0,0.0,-29.058743967067276,-29.058743967067276,29.058743967067276,1
proxy_hardened_no_worst_hours,last_month,day_of_week,Thursday,3,1,2,33.33333333333333,0.9017042146498153,-6.188299001922559,-2.0627663339741864,62.95589358054741,2
proxy_hardened_no_worst_hours,last_month,day_of_week,Tuesday,4,2,2,50.0,2.8383971682401024,89.44200643290003,22.360501608225007,26.304045016793825,1
proxy_hardened_no_worst_hours,last_month,day_of_week,Wednesday,6,3,3,50.0,1.847172230225143,69.23661744833868,11.53943624138978,47.80721752053643,2
proxy_hardened_no_worst_hours,last_3_months,session,LONDON,38,17,21,44.73684210526316,1.325118462608235,304.20064210491915,8.005280055392609,272.4364211400741,3
proxy_hardened_no_worst_hours,last_3_months,session,NEW YORK,12,2,10,16.666666666666664,0.33643093117847495,-251.82535199012446,-20.98544599917704,302.58533735251854,6
proxy_hardened_no_worst_hours,last_3_months,hour,10,13,4,9,30.76923076923077,0.6289975539679217,-140.56433131804263,-10.812640870618663,250.6238235983944,4
proxy_hardened_no_worst_hours,last_3_months,hour,13,13,6,7,46.15384615384615,1.4741415712511436,143.4094364067805,11.031495108213884,115.6567940939861,2
proxy_hardened_no_worst_hours,last_3_months,hour,14,6,4,2,66.66666666666666,4.009227853777079,201.3945414024957,33.56575690041595,39.50068653174108,1
proxy_hardened_no_worst_hours,last_3_months,hour,15,6,3,3,50.0,1.5334184610233237,99.96099561368564,16.660165935614273,153.4774414757706,2
proxy_hardened_no_worst_hours,last_3_months,hour,18,7,1,6,14.285714285714285,0.31025423388071416,-170.9968233021983,-24.428117614599756,170.9968233021983,4
proxy_hardened_no_worst_hours,last_3_months,hour,19,4,1,3,25.0,0.49507557971872546,-51.76978472085886,-12.942446180214715,102.52977008325294,3
proxy_hardened_no_worst_hours,last_3_months,hour,22,1,0,1,0.0,0.0,-29.058743967067276,-29.058743967067276,29.058743967067276,1
proxy_hardened_no_worst_hours,last_3_months,side,BUY,28,9,19,32.142857142857146,0.9890206405446189,-7.468223726131669,-0.26672227593327386,318.1960779252088,8
proxy_hardened_no_worst_hours,last_3_months,side,SELL,22,10,12,45.45454545454545,1.0942482116306733,59.84351384092641,2.7201597200421097,272.4364211400741,3
proxy_hardened_no_worst_hours,last_3_months,signal_reason,V50 realtime loss proxy | variant=proxy_hardened_no_worst_hours | Side=BUY | score=100.0 | opposite_score=8.0 | session=NEW YORK | RR=2.00,2,1,1,50.0,1.8037184812836309,34.272983792539605,17.136491896269803,42.64302064797826,1
proxy_hardened_no_worst_hours,last_3_months,signal_reason,V50 realtime loss proxy | variant=proxy_hardened_no_worst_hours | Side=BUY | score=72.0 | opposite_score=30.0 | session=NEW YORK | RR=2.00,4,0,4,0.0,0.0,-140.81621338422394,-35.204053346055986,140.81621338422394,4
proxy_hardened_no_worst_hours,last_3_months,signal_reason,V50 realtime loss proxy | variant=proxy_hardened_no_worst_hours | Side=BUY | score=72.0 | opposite_score=8.0 | session=NEW YORK | RR=2.00,1,0,1,0.0,0.0,-54.207083178851605,-54.207083178851605,54.207083178851605,1
proxy_hardened_no_worst_hours,last_3_months,signal_reason,V50 realtime loss proxy | variant=proxy_hardened_no_worst_hours | Side=BUY | score=74.0 | opposite_score=4.0 | session=LONDON | RR=2.00,3,2,1,66.66666666666666,5.489412542631368,131.99210509517937,43.99736836505979,29.400752067622452,1
proxy_hardened_no_worst_hours,last_3_months,signal_reason,V50 realtime loss proxy | variant=proxy_hardened_no_worst_hours | Side=BUY | score=76.0 | opposite_score=4.0 | session=LONDON | RR=2.00,2,0,2,0.0,0.0,-79.86425854305736,-39.93212927152868,79.86425854305736,2
proxy_hardened_no_worst_hours,last_3_months,signal_reason,V50 realtime loss proxy | variant=proxy_hardened_no_worst_hours | Side=BUY | score=80.0 | opposite_score=8.0 | session=LONDON | RR=2.00,2,1,1,50.0,2.086268850960507,42.908365370985564,21.454182685492782,39.50068653174108,1
proxy_hardened_no_worst_hours,last_3_months,signal_reason,V50 realtime loss proxy | variant=proxy_hardened_no_worst_hours | Side=BUY | score=85.0 | opposite_score=4.0 | session=LONDON | RR=2.00,7,4,3,57.14285714285714,3.8509229411709582,223.02914711330314,31.861306730471878,28.502255532985288,1
proxy_hardened_no_worst_hours,last_3_months,signal_reason,V50 realtime loss proxy | variant=proxy_hardened_no_worst_hours | Side=BUY | score=89.0 | opposite_score=8.0 | session=LONDON | RR=2.00,1,0,1,0.0,0.0,-27.424967220171457,-27.424967220171457,27.424967220171457,1
proxy_hardened_no_worst_hours,last_3_months,signal_reason,V50 realtime loss proxy | variant=proxy_hardened_no_worst_hours | Side=BUY | score=89.0 | opposite_score=8.0 | session=NEW YORK | RR=2.00,5,1,4,20.0,0.35788047072290047,-91.07503921958849,-18.215007843917697,141.83502458198257,4
proxy_hardened_no_worst_hours,last_3_months,signal_reason,V50 realtime loss proxy | variant=proxy_hardened_no_worst_hours | Side=BUY | score=96.0 | opposite_score=4.0 | session=LONDON | RR=2.00,1,0,1,0.0,0.0,-46.283263552246495,-46.283263552246495,46.283263552246495,1
proxy_hardened_no_worst_hours,last_3_months,signal_reason,V50 realtime loss proxy | variant=proxy_hardened_no_worst_hours | Side=SELL | score=75.0 | opposite_score=4.0 | session=LONDON | RR=2.00,1,0,1,0.0,0.0,-78.23582799266856,-78.23582799266856,78.23582799266856,1
proxy_hardened_no_worst_hours,last_3_months,signal_reason,V50 realtime loss proxy | variant=proxy_hardened_no_worst_hours | Side=SELL | score=78.0 | opposite_score=19.0 | session=LONDON | RR=2.00,1,1,0,100.0,inf,67.7827230839683,67.7827230839683,0.0,0
proxy_hardened_no_worst_hours,last_3_months,signal_reason,V50 realtime loss proxy | variant=proxy_hardened_no_worst_hours | Side=SELL | score=79.0 | opposite_score=4.0 | session=LONDON | RR=2.00,3,1,2,33.33333333333333,1.100389372310402,4.289675273508259,1.4298917578360861,42.73037249644978,2
proxy_hardened_no_worst_hours,last_3_months,signal_reason,V50 realtime loss proxy | variant=proxy_hardened_no_worst_hours | Side=SELL | score=80.0 | opposite_score=15.0 | session=LONDON | RR=2.00,1,1,0,100.0,inf,48.48572421945559,48.48572421945559,0.0,0
proxy_hardened_no_worst_hours,last_3_months,signal_reason,V50 realtime loss proxy | variant=proxy_hardened_no_worst_hours | Side=SELL | score=85.0 | opposite_score=4.0 | session=LONDON | RR=2.00,4,1,3,25.0,0.6290383999314394,-41.190140828403514,-10.297535207100879,111.03613101946618,3
proxy_hardened_no_worst_hours,last_3_months,signal_reason,V50 realtime loss proxy | variant=proxy_hardened_no_worst_hours | Side=SELL | score=86.0 | opposite_score=4.0 | session=LONDON | RR=2.00,1,1,0,100.0,inf,68.905037707991,68.905037707991,0.0,0
proxy_hardened_no_worst_hours,last_3_months,signal_reason,V50 realtime loss proxy | variant=proxy_hardened_no_worst_hours | Side=SELL | score=89.0 | opposite_score=8.0 | session=LONDON | RR=2.00,1,1,0,100.0,inf,69.64269594825768,69.64269594825768,0.0,0
proxy_hardened_no_worst_hours,last_3_months,signal_reason,V50 realtime loss proxy | variant=proxy_hardened_no_worst_hours | Side=SELL | score=90.0 | opposite_score=4.0 | session=LONDON | RR=2.00,1,0,1,0.0,0.0,-27.474772926118167,-27.474772926118167,27.474772926118167,1
proxy_hardened_no_worst_hours,last_3_months,signal_reason,V50 realtime loss proxy | variant=proxy_hardened_no_worst_hours | Side=SELL | score=96.0 | opposite_score=11.0 | session=LONDON | RR=2.00,1,1,0,100.0,inf,46.911465948516565,46.911465948516565,0.0,0
proxy_hardened_no_worst_hours,last_3_months,signal_reason,V50 realtime loss proxy | variant=proxy_hardened_no_worst_hours | Side=SELL | score=96.0 | opposite_score=4.0 | session=LONDON | RR=2.00,8,3,5,37.5,0.7356098101185703,-99.27306659358078,-12.409133324197597,194.20059314740556,2
proxy_hardened_no_worst_hours,last_3_months,score_bucket,score_70_74,8,2,6,25.0,0.7191424365950307,-63.03119146789618,-7.878898933487022,140.81621338422394,4
proxy_hardened_no_worst_hours,last_3_months,score_bucket,score_75_79,7,2,5,28.57142857142857,0.5716402352868866,-86.02768817824935,-12.289669739749908,133.42816096185268,2
proxy_hardened_no_worst_hours,last_3_months,score_bucket,score_80_89,22,10,12,45.45454545454545,1.736835918139609,293.2808230918295,13.330946504174069,108.41064635038535,3
proxy_hardened_no_worst_hours,last_3_months,score_bucket,score_90_plus,13,5,8,38.46153846153847,0.8132744362803216,-91.84665333088927,-7.065127179299174,240.48385669965208,2
proxy_hardened_no_worst_hours,last_3_months,day_of_week,Friday,13,5,8,38.46153846153847,1.3925127023374169,117.79216277277374,9.060935597905672,182.95206249006947,5
proxy_hardened_no_worst_hours,last_3_months,day_of_week,Monday,7,2,5,28.57142857142857,0.4018670505873598,-174.72266652077008,-24.960380931538584,292.11342844821667,5
proxy_hardened_no_worst_hours,last_3_months,day_of_week,Sunday,1,0,1,0.0,0.0,-29.058743967067276,-29.058743967067276,29.058743967067276,1
proxy_hardened_no_worst_hours,last_3_months,day_of_week,Thursday,9,2,7,22.22222222222222,0.5246445013679402,-153.79671881158302,-17.088524312398114,260.5845288068383,5
proxy_hardened_no_worst_hours,last_3_months,day_of_week,Tuesday,9,4,5,44.44444444444444,1.4043339817355083,83.59696199096342,9.28855133232927,104.53987300946238,2
proxy_hardened_no_worst_hours,last_3_months,day_of_week,Wednesday,11,6,5,54.54545454545454,2.2748451280164756,208.56429465047793,18.960390422770722,81.87297954334127,2
proxy_hardened_no_worst_hours,last_6_months,session,LONDON,75,35,40,46.666666666666664,1.8328491785384426,1109.005240035357,14.78673653380476,272.436421140074,3
proxy_hardened_no_worst_hours,last_6_months,session,NEW YORK,26,9,17,34.61538461538461,0.5746763179729044,-249.58836108032605,-9.599552349243309,392.21558897202334,6
proxy_hardened_no_worst_hours,last_6_months,hour,10,23,6,17,26.08695652173913,0.8284129375168777,-89.81899228814754,-3.905173577745545,250.6238235983944,5
proxy_hardened_no_worst_hours,last_6_months,hour,13,22,11,11,50.0,1.6290698775965022,229.52516359041422,10.432961981382464,115.6567940939861,2
proxy_hardened_no_worst_hours,last_6_months,hour,14,17,11,6,64.70588235294117,4.6186800068128315,703.8091299229797,41.40053705429292,106.25643558308394,2
proxy_hardened_no_worst_hours,last_6_months,hour,15,13,7,6,53.84615384615385,2.0672443974029076,265.48993881011063,20.422302985393124,153.4774414757706,2
proxy_hardened_no_worst_hours,last_6_months,hour,18,18,6,12,33.33333333333333,0.5633119959219467,-186.76983249590938,-10.376101805328299,260.62707492170307,4
proxy_hardened_no_worst_hours,last_6_months,hour,19,6,2,4,33.33333333333333,0.5823047120387921,-54.327449347631834,-9.054574891271972,130.06478864726216,4
proxy_hardened_no_worst_hours,last_6_months,hour,21,1,1,0,100.0,inf,20.567664730282488,20.567664730282488,0.0,0
proxy_hardened_no_worst_hours,last_6_months,hour,22,1,0,1,0.0,0.0,-29.058743967067276,-29.058743967067276,29.058743967067276,1
proxy_hardened_no_worst_hours,last_6_months,side,BUY,72,32,40,44.44444444444444,1.324146771906326,391.3820966642232,5.435862453669767,344.2124227812051,8
proxy_hardened_no_worst_hours,last_6_months,side,SELL,29,12,17,41.37931034482759,1.6582978300982594,468.0347822908078,16.13913042382096,272.436421140074,5
proxy_hardened_no_worst_hours,last_6_months,signal_reason,V50 realtime loss proxy | variant=proxy_hardened_no_worst_hours | Side=BUY | score=100.0 | opposite_score=8.0 | session=LONDON | RR=2.00,1,1,0,100.0,inf,56.39224863893091,56.39224863893091,0.0,0
proxy_hardened_no_worst_hours,last_6_months,signal_reason,V50 realtime loss proxy | variant=proxy_hardened_no_worst_hours | Side=BUY | score=100.0 | opposite_score=8.0 | session=NEW YORK | RR=2.00,5,3,2,60.0,2.07023162661129,60.62748727585718,12.125497455171436,56.648940069005434,2
proxy_hardened_no_worst_hours,last_6_months,signal_reason,V50 realtime loss proxy | variant=proxy_hardened_no_worst_hours | Side=BUY | score=72.0 | opposite_score=19.0 | session=LONDON | RR=2.00,1,1,0,100.0,inf,131.9982096808379,131.9982096808379,0.0,0
proxy_hardened_no_worst_hours,last_6_months,signal_reason,V50 realtime loss proxy | variant=proxy_hardened_no_worst_hours | Side=BUY | score=72.0 | opposite_score=19.0 | session=NEW YORK | RR=2.00,1,0,1,0.0,0.0,-89.63025161950478,-89.63025161950478,89.63025161950478,1
proxy_hardened_no_worst_hours,last_6_months,signal_reason,V50 realtime loss proxy | variant=proxy_hardened_no_worst_hours | Side=BUY | score=72.0 | opposite_score=30.0 | session=NEW YORK | RR=2.00,4,0,4,0.0,0.0,-140.81621338422394,-35.204053346055986,140.81621338422394,4
proxy_hardened_no_worst_hours,last_6_months,signal_reason,V50 realtime loss proxy | variant=proxy_hardened_no_worst_hours | Side=BUY | score=72.0 | opposite_score=8.0 | session=NEW YORK | RR=2.00,2,0,2,0.0,0.0,-73.22352084222824,-36.61176042111412,73.22352084222824,2
proxy_hardened_no_worst_hours,last_6_months,signal_reason,V50 realtime loss proxy | variant=proxy_hardened_no_worst_hours | Side=BUY | score=74.0 | opposite_score=4.0 | session=LONDON | RR=2.00,7,5,2,71.42857142857143,5.4939823819936295,299.7059662757956,42.81513803939937,37.289755549107355,1
proxy_hardened_no_worst_hours,last_6_months,signal_reason,V50 realtime loss proxy | variant=proxy_hardened_no_worst_hours | Side=BUY | score=75.0 | opposite_score=11.0 | session=LONDON | RR=2.00,1,1,0,100.0,inf,43.349573044802895,43.349573044802895,0.0,0
proxy_hardened_no_worst_hours,last_6_months,signal_reason,V50 realtime loss proxy | variant=proxy_hardened_no_worst_hours | Side=BUY | score=76.0 | opposite_score=4.0 | session=LONDON | RR=2.00,5,2,3,40.0,0.29501731631808603,-74.31518793042198,-14.863037586084397,105.41420328552746,3
proxy_hardened_no_worst_hours,last_6_months,signal_reason,V50 realtime loss proxy | variant=proxy_hardened_no_worst_hours | Side=BUY | score=78.0 | opposite_score=19.0 | session=NEW YORK | RR=2.00,1,0,1,0.0,0.0,-16.022138988976693,-16.022138988976693,16.022138988976693,1
proxy_hardened_no_worst_hours,last_6_months,signal_reason,V50 realtime loss proxy | variant=proxy_hardened_no_worst_hours | Side=BUY | score=78.0 | opposite_score=8.0 | session=LONDON | RR=2.00,4,2,2,50.0,0.8722665958922168,-13.5724962253867,-3.393124056346675,106.25643558308394,2
proxy_hardened_no_worst_hours,last_6_months,signal_reason,V50 realtime loss proxy | variant=proxy_hardened_no_worst_hours | Side=BUY | score=78.0 | opposite_score=8.0 | session=NEW YORK | RR=2.00,2,1,1,50.0,2.586046568145058,45.01742399972653,22.508711999863266,28.383418812460295,1
proxy_hardened_no_worst_hours,last_6_months,signal_reason,V50 realtime loss proxy | variant=proxy_hardened_no_worst_hours | Side=BUY | score=80.0 | opposite_score=15.0 | session=LONDON | RR=2.00,1,1,0,100.0,inf,28.8316223742476,28.8316223742476,0.0,0
proxy_hardened_no_worst_hours,last_6_months,signal_reason,V50 realtime loss proxy | variant=proxy_hardened_no_worst_hours | Side=BUY | score=80.0 | opposite_score=29.0 | session=LONDON | RR=2.00,1,0,1,0.0,0.0,-9.701920442934425,-9.701920442934425,9.701920442934425,1
proxy_hardened_no_worst_hours,last_6_months,signal_reason,V50 realtime loss proxy | variant=proxy_hardened_no_worst_hours | Side=BUY | score=80.0 | opposite_score=4.0 | session=LONDON | RR=2.00,1,1,0,100.0,inf,23.381412893911076,23.381412893911076,0.0,0
proxy_hardened_no_worst_hours,last_6_months,signal_reason,V50 realtime loss proxy | variant=proxy_hardened_no_worst_hours | Side=BUY | score=80.0 | opposite_score=8.0 | session=LONDON | RR=2.00,3,2,1,66.66666666666666,2.536642681302979,60.69844086544309,20.232813621814362,39.50068653174108,1
proxy_hardened_no_worst_hours,last_6_months,signal_reason,V50 realtime loss proxy | variant=proxy_hardened_no_worst_hours | Side=BUY | score=80.0 | opposite_score=8.0 | session=NEW YORK | RR=2.00,3,1,2,33.33333333333333,0.6203966345282812,-15.282944954017074,-5.094314984672358,27.535018564009224,1
proxy_hardened_no_worst_hours,last_6_months,signal_reason,V50 realtime loss proxy | variant=proxy_hardened_no_worst_hours | Side=BUY | score=81.0 | opposite_score=4.0 | session=LONDON | RR=2.00,1,1,0,100.0,inf,41.15227827080329,41.15227827080329,0.0,0
proxy_hardened_no_worst_hours,last_6_months,signal_reason,V50 realtime loss proxy | variant=proxy_hardened_no_worst_hours | Side=BUY | score=83.0 | opposite_score=8.0 | session=NEW YORK | RR=2.00,1,1,0,100.0,inf,19.93456242090626,19.93456242090626,0.0,0
proxy_hardened_no_worst_hours,last_6_months,signal_reason,V50 realtime loss proxy | variant=proxy_hardened_no_worst_hours | Side=BUY | score=85.0 | opposite_score=4.0 | session=LONDON | RR=2.00,7,4,3,57.14285714285714,3.8509229411709582,223.02914711330314,31.861306730471878,28.502255532985288,1
proxy_hardened_no_worst_hours,last_6_months,signal_reason,V50 realtime loss proxy | variant=proxy_hardened_no_worst_hours | Side=BUY | score=89.0 | opposite_score=8.0 | session=LONDON | RR=2.00,1,0,1,0.0,0.0,-27.424967220171457,-27.424967220171457,27.424967220171457,1
proxy_hardened_no_worst_hours,last_6_months,signal_reason,V50 realtime loss proxy | variant=proxy_hardened_no_worst_hours | Side=BUY | score=89.0 | opposite_score=8.0 | session=NEW YORK | RR=2.00,5,1,4,20.0,0.35788047072290047,-91.07503921958849,-18.215007843917697,141.83502458198257,4
proxy_hardened_no_worst_hours,last_6_months,signal_reason,V50 realtime loss proxy | variant=proxy_hardened_no_worst_hours | Side=BUY | score=90.0 | opposite_score=4.0 | session=LONDON | RR=2.00,1,0,1,0.0,0.0,-14.90649119582311,-14.90649119582311,14.90649119582311,1
proxy_hardened_no_worst_hours,last_6_months,signal_reason,V50 realtime loss proxy | variant=proxy_hardened_no_worst_hours | Side=BUY | score=94.0 | opposite_score=15.0 | session=LONDON | RR=2.00,1,0,1,0.0,0.0,-11.609321657269064,-11.609321657269064,11.609321657269064,1
proxy_hardened_no_worst_hours,last_6_months,signal_reason,V50 realtime loss proxy | variant=proxy_hardened_no_worst_hours | Side=BUY | score=94.0 | opposite_score=8.0 | session=NEW YORK | RR=2.00,2,2,0,100.0,inf,50.882274231723244,25.441137115861622,0.0,0
proxy_hardened_no_worst_hours,last_6_months,signal_reason,V50 realtime loss proxy | variant=proxy_hardened_no_worst_hours | Side=BUY | score=96.0 | opposite_score=4.0 | session=LONDON | RR=2.00,10,2,8,20.0,0.27867364748041895,-116.03805674151955,-11.603805674151955,148.4028988954513,7
proxy_hardened_no_worst_hours,last_6_months,signal_reason,V50 realtime loss proxy | variant=proxy_hardened_no_worst_hours | Side=SELL | score=75.0 | opposite_score=4.0 | session=LONDON | RR=2.00,2,0,2,0.0,0.0,-96.4410990395056,-48.2205495197528,96.4410990395056,2
proxy_hardened_no_worst_hours,last_6_months,signal_reason,V50 realtime loss proxy | variant=proxy_hardened_no_worst_hours | Side=SELL | score=78.0 | opposite_score=19.0 | session=LONDON | RR=2.00,1,1,0,100.0,inf,67.7827230839683,67.7827230839683,0.0,0
proxy_hardened_no_worst_hours,last_6_months,signal_reason,V50 realtime loss proxy | variant=proxy_hardened_no_worst_hours | Side=SELL | score=78.0 | opposite_score=30.0 | session=LONDON | RR=2.00,1,1,0,100.0,inf,302.2861706576003,302.2861706576003,0.0,0
proxy_hardened_no_worst_hours,last_6_months,signal_reason,V50 realtime loss proxy | variant=proxy_hardened_no_worst_hours | Side=SELL | score=79.0 | opposite_score=26.0 | session=LONDON | RR=2.00,2,0,2,0.0,0.0,-24.718437501688786,-12.359218750844393,24.718437501688786,2
proxy_hardened_no_worst_hours,last_6_months,signal_reason,V50 realtime loss proxy | variant=proxy_hardened_no_worst_hours | Side=SELL | score=79.0 | opposite_score=4.0 | session=LONDON | RR=2.00,3,1,2,33.33333333333333,1.100389372310402,4.289675273508259,1.4298917578360861,42.73037249644978,2
proxy_hardened_no_worst_hours,last_6_months,signal_reason,V50 realtime loss proxy | variant=proxy_hardened_no_worst_hours | Side=SELL | score=80.0 | opposite_score=15.0 | session=LONDON | RR=2.00,1,1,0,100.0,inf,48.48572421945559,48.48572421945559,0.0,0
proxy_hardened_no_worst_hours,last_6_months,signal_reason,V50 realtime loss proxy | variant=proxy_hardened_no_worst_hours | Side=SELL | score=85.0 | opposite_score=4.0 | session=LONDON | RR=2.00,7,2,5,28.57142857142857,1.7468000335732579,107.63866551240338,15.376952216057626,111.03613101946618,3
proxy_hardened_no_worst_hours,last_6_months,signal_reason,V50 realtime loss proxy | variant=proxy_hardened_no_worst_hours | Side=SELL | score=86.0 | opposite_score=4.0 | session=LONDON | RR=2.00,1,1,0,100.0,inf,68.905037707991,68.905037707991,0.0,0
proxy_hardened_no_worst_hours,last_6_months,signal_reason,V50 realtime loss proxy | variant=proxy_hardened_no_worst_hours | Side=SELL | score=89.0 | opposite_score=8.0 | session=LONDON | RR=2.00,1,1,0,100.0,inf,69.64269594825768,69.64269594825768,0.0,0
proxy_hardened_no_worst_hours,last_6_months,signal_reason,V50 realtime loss proxy | variant=proxy_hardened_no_worst_hours | Side=SELL | score=90.0 | opposite_score=4.0 | session=LONDON | RR=2.00,1,0,1,0.0,0.0,-27.474772926118167,-27.474772926118167,27.474772926118167,1
proxy_hardened_no_worst_hours,last_6_months,signal_reason,V50 realtime loss proxy | variant=proxy_hardened_no_worst_hours | Side=SELL | score=96.0 | opposite_score=11.0 | session=LONDON | RR=2.00,1,1,0,100.0,inf,46.911465948516565,46.911465948516565,0.0,0
proxy_hardened_no_worst_hours,last_6_months,signal_reason,V50 realtime loss proxy | variant=proxy_hardened_no_worst_hours | Side=SELL | score=96.0 | opposite_score=4.0 | session=LONDON | RR=2.00,8,3,5,37.5,0.7356098101185703,-99.27306659358078,-12.409133324197597,194.20059314740556,2
proxy_hardened_no_worst_hours,last_6_months,score_bucket,score_70_74,15,6,9,40.0,1.3457015323465538,128.03419011067655,8.535612674045103,140.81621338422394,4
proxy_hardened_no_worst_hours,last_6_months,score_bucket,score_75_79,22,9,13,40.909090909090914,1.5658937784351612,237.65620637362653,10.802554835164843,133.42816096185265,3
proxy_hardened_no_worst_hours,last_6_months,score_bucket,score_80_89,34,17,17,50.0,2.139534400118977,548.2147154900107,16.12396222029443,108.41064635038535,3
proxy_hardened_no_worst_hours,last_6_months,score_bucket,score_90_plus,30,12,18,40.0,0.9157815042054439,-54.48823301928277,-1.8162744339760921,268.12149208571407,3
proxy_hardened_no_worst_hours,last_6_months,day_of_week,Friday,26,15,11,57.692307692307686,3.294026029918787,783.4234768069725,30.13167218488356,182.95206249006935,5
proxy_hardened_no_worst_hours,last_6_months,day_of_week,Monday,17,8,9,47.05882352941176,0.6944640163298161,-125.1672933087286,-7.362781959336977,395.6587354755386,8
proxy_hardened_no_worst_hours,last_6_months,day_of_week,Sunday,1,0,1,0.0,0.0,-29.058743967067276,-29.058743967067276,29.058743967067276,1
proxy_hardened_no_worst_hours,last_6_months,day_of_week,Thursday,17,3,14,17.647058823529413,0.7170076946875658,-138.79876132247065,-8.164633018968862,260.5845288068383,7
proxy_hardened_no_worst_hours,last_6_months,day_of_week,Tuesday,21,9,12,42.857142857142854,1.2613896032840453,99.87435139857939,4.755921495170448,169.49451016256214,3
proxy_hardened_no_worst_hours,last_6_months,day_of_week,Wednesday,19,9,10,47.368421052631575,2.0132966901639513,269.14384934774574,14.165465755144513,87.10588541015429,4
proxy_hardened_no_worst_hours,last_year,session,LONDON,150,64,86,42.66666666666667,1.6790716290807846,1224.3415591405249,8.162277060936832,272.436421140074,6
proxy_hardened_no_worst_hours,last_year,session,NEW YORK,46,20,26,43.47826086956522,0.8142298478002543,-120.6193076674175,-2.622158862335163,392.2155889720233,6
proxy_hardened_no_worst_hours,last_year,hour,10,40,14,26,35.0,0.9846774136768822,-9.076532802983749,-0.22691332007459372,250.6238235983944,5
proxy_hardened_no_worst_hours,last_year,hour,13,46,20,26,43.47826086956522,1.5323055731742456,264.5130095344117,5.7502828159654715,115.6567940939861,4
proxy_hardened_no_worst_hours,last_year,hour,14,39,20,19,51.28205128205128,3.3194353386005986,771.5655942463551,19.783733185803978,106.25643558308394,4
proxy_hardened_no_worst_hours,last_year,hour,15,25,10,15,40.0,1.5179119977011497,197.33948816274173,7.8935795265096695,153.4774414757706,4
proxy_hardened_no_worst_hours,last_year,hour,18,25,11,14,44.0,0.6914333909920247,-136.74877530946583,-5.469951012378633,260.62707492170307,4
proxy_hardened_no_worst_hours,last_year,hour,19,12,5,7,41.66666666666667,0.9107350835057274,-13.6639360225848,-1.1386613352154,130.06478864726216,4
proxy_hardened_no_worst_hours,last_year,hour,21,1,1,0,100.0,inf,20.567664730282488,20.567664730282488,0.0,0
proxy_hardened_no_worst_hours,last_year,hour,22,8,3,5,37.5,1.1739154295121828,9.22573893435063,1.1532173667938288,29.058743967067276,4
proxy_hardened_no_worst_hours,last_year,side,BUY,142,61,81,42.95774647887324,1.3799857355269587,595.0637404749701,4.190589721654719,344.2124227812051,8
proxy_hardened_no_worst_hours,last_year,side,SELL,54,23,31,42.592592592592595,1.5739505166982266,508.6585109981369,9.419602055521054,272.436421140074,8
proxy_hardened_no_worst_hours,last_year,signal_reason,V50 realtime loss proxy | variant=proxy_hardened_no_worst_hours | Side=BUY | score=100.0 | opposite_score=4.0 | session=LONDON | RR=2.00,2,1,1,50.0,2.9143199996845035,12.145546143866197,6.072773071933098,6.344574650982013,1
proxy_hardened_no_worst_hours,last_year,signal_reason,V50 realtime loss proxy | variant=proxy_hardened_no_worst_hours | Side=BUY | score=100.0 | opposite_score=8.0 | session=LONDON | RR=2.00,4,3,1,75.0,7.448825920272654,87.28874619970485,21.82218654992621,13.535602802566318,1
proxy_hardened_no_worst_hours,last_year,signal_reason,V50 realtime loss proxy | variant=proxy_hardened_no_worst_hours | Side=BUY | score=100.0 | opposite_score=8.0 | session=NEW YORK | RR=2.00,11,7,4,63.63636363636363,2.8719980594281314,129.2980574022431,11.754368854749373,56.648940069005434,2
proxy_hardened_no_worst_hours,last_year,signal_reason,V50 realtime loss proxy | variant=proxy_hardened_no_worst_hours | Side=BUY | score=72.0 | opposite_score=18.0 | session=NEW YORK | RR=2.00,2,1,1,50.0,3.09010899973481,11.152299151295521,5.576149575647761,5.335750026773967,1
proxy_hardened_no_worst_hours,last_year,signal_reason,V50 realtime loss proxy | variant=proxy_hardened_no_worst_hours | Side=BUY | score=72.0 | opposite_score=19.0 | session=LONDON | RR=2.00,5,2,3,40.0,4.770186549818503,137.49892151029374,27.49978430205875,21.248750325224737,2
proxy_hardened_no_worst_hours,last_year,signal_reason,V50 realtime loss proxy | variant=proxy_hardened_no_worst_hours | Side=BUY | score=72.0 | opposite_score=19.0 | session=NEW YORK | RR=2.00,1,0,1,0.0,0.0,-89.63025161950478,-89.63025161950478,89.63025161950478,1
proxy_hardened_no_worst_hours,last_year,signal_reason,V50 realtime loss proxy | variant=proxy_hardened_no_worst_hours | Side=BUY | score=72.0 | opposite_score=30.0 | session=NEW YORK | RR=2.00,4,0,4,0.0,0.0,-140.81621338422394,-35.204053346055986,140.81621338422394,4
proxy_hardened_no_worst_hours,last_year,signal_reason,V50 realtime loss proxy | variant=proxy_hardened_no_worst_hours | Side=BUY | score=72.0 | opposite_score=8.0 | session=NEW YORK | RR=2.00,2,0,2,0.0,0.0,-73.22352084222824,-36.61176042111412,73.22352084222824,2
proxy_hardened_no_worst_hours,last_year,signal_reason,V50 realtime loss proxy | variant=proxy_hardened_no_worst_hours | Side=BUY | score=73.0 | opposite_score=19.0 | session=NEW YORK | RR=2.00,1,1,0,100.0,inf,20.188211801428153,20.188211801428153,0.0,0
proxy_hardened_no_worst_hours,last_year,signal_reason,V50 realtime loss proxy | variant=proxy_hardened_no_worst_hours | Side=BUY | score=73.0 | opposite_score=8.0 | session=NEW YORK | RR=2.00,2,0,2,0.0,0.0,-8.835505048923242,-4.417752524461621,8.835505048923242,2
proxy_hardened_no_worst_hours,last_year,signal_reason,V50 realtime loss proxy | variant=proxy_hardened_no_worst_hours | Side=BUY | score=74.0 | opposite_score=26.0 | session=LONDON | RR=2.00,2,0,2,0.0,0.0,-11.201081354819653,-5.6005406774098265,11.201081354819653,2
proxy_hardened_no_worst_hours,last_year,signal_reason,V50 realtime loss proxy | variant=proxy_hardened_no_worst_hours | Side=BUY | score=74.0 | opposite_score=4.0 | session=LONDON | RR=2.00,12,6,6,50.0,3.4165226763911383,273.2386023906853,22.769883532557106,37.289755549107355,3
proxy_hardened_no_worst_hours,last_year,signal_reason,V50 realtime loss proxy | variant=proxy_hardened_no_worst_hours | Side=BUY | score=75.0 | opposite_score=11.0 | session=LONDON | RR=2.00,1,1,0,100.0,inf,43.349573044802895,43.349573044802895,0.0,0
proxy_hardened_no_worst_hours,last_year,signal_reason,V50 realtime loss proxy | variant=proxy_hardened_no_worst_hours | Side=BUY | score=75.0 | opposite_score=4.0 | session=LONDON | RR=2.00,1,1,0,100.0,inf,11.808700334793157,11.808700334793157,0.0,0
proxy_hardened_no_worst_hours,last_year,signal_reason,V50 realtime loss proxy | variant=proxy_hardened_no_worst_hours | Side=BUY | score=76.0 | opposite_score=11.0 | session=LONDON | RR=2.00,2,1,1,50.0,0.8364080116282595,-2.8242455635574153,-1.4121227817787076,17.263960122177266,1
proxy_hardened_no_worst_hours,last_year,signal_reason,V50 realtime loss proxy | variant=proxy_hardened_no_worst_hours | Side=BUY | score=76.0 | opposite_score=4.0 | session=LONDON | RR=2.00,10,5,5,50.0,0.7965195645804708,-23.98333849074836,-2.398333849074836,105.41420328552746,3
proxy_hardened_no_worst_hours,last_year,signal_reason,V50 realtime loss proxy | variant=proxy_hardened_no_worst_hours | Side=BUY | score=78.0 | opposite_score=19.0 | session=LONDON | RR=2.00,1,0,1,0.0,0.0,-8.2545798296688,-8.2545798296688,8.2545798296688,1
proxy_hardened_no_worst_hours,last_year,signal_reason,V50 realtime loss proxy | variant=proxy_hardened_no_worst_hours | Side=BUY | score=78.0 | opposite_score=19.0 | session=NEW YORK | RR=2.00,1,0,1,0.0,0.0,-16.022138988976693,-16.022138988976693,16.022138988976693,1
proxy_hardened_no_worst_hours,last_year,signal_reason,V50 realtime loss proxy | variant=proxy_hardened_no_worst_hours | Side=BUY | score=78.0 | opposite_score=8.0 | session=LONDON | RR=2.00,7,4,3,57.14285714285714,1.1300408773559685,15.142748382130975,2.1632497688758536,106.25643558308394,2
proxy_hardened_no_worst_hours,last_year,signal_reason,V50 realtime loss proxy | variant=proxy_hardened_no_worst_hours | Side=BUY | score=78.0 | opposite_score=8.0 | session=NEW YORK | RR=2.00,4,2,2,50.0,2.357031279942341,50.82362741363797,12.705906853409493,28.383418812460295,1
proxy_hardened_no_worst_hours,last_year,signal_reason,V50 realtime loss proxy | variant=proxy_hardened_no_worst_hours | Side=BUY | score=80.0 | opposite_score=15.0 | session=LONDON | RR=2.00,1,1,0,100.0,inf,28.8316223742476,28.8316223742476,0.0,0
proxy_hardened_no_worst_hours,last_year,signal_reason,V50 realtime loss proxy | variant=proxy_hardened_no_worst_hours | Side=BUY | score=80.0 | opposite_score=29.0 | session=LONDON | RR=2.00,1,0,1,0.0,0.0,-9.701920442934425,-9.701920442934425,9.701920442934425,1
proxy_hardened_no_worst_hours,last_year,signal_reason,V50 realtime loss proxy | variant=proxy_hardened_no_worst_hours | Side=BUY | score=80.0 | opposite_score=4.0 | session=LONDON | RR=2.00,2,1,1,50.0,2.5259610808775266,14.124970634797448,7.062485317398724,9.256442259113628,1
proxy_hardened_no_worst_hours,last_year,signal_reason,V50 realtime loss proxy | variant=proxy_hardened_no_worst_hours | Side=BUY | score=80.0 | opposite_score=8.0 | session=LONDON | RR=2.00,5,3,2,60.0,2.4319616782431805,72.38193521036233,14.476387042072465,39.50068653174108,1
proxy_hardened_no_worst_hours,last_year,signal_reason,V50 realtime loss proxy | variant=proxy_hardened_no_worst_hours | Side=BUY | score=80.0 | opposite_score=8.0 | session=NEW YORK | RR=2.00,8,5,3,62.5,1.6958321864612573,34.37552959972506,4.296941199965633,27.53501856400922,1
proxy_hardened_no_worst_hours,last_year,signal_reason,V50 realtime loss proxy | variant=proxy_hardened_no_worst_hours | Side=BUY | score=81.0 | opposite_score=4.0 | session=LONDON | RR=2.00,1,1,0,100.0,inf,41.15227827080329,41.15227827080329,0.0,0
proxy_hardened_no_worst_hours,last_year,signal_reason,V50 realtime loss proxy | variant=proxy_hardened_no_worst_hours | Side=BUY | score=83.0 | opposite_score=8.0 | session=LONDON | RR=2.00,1,1,0,100.0,inf,28.48447780289591,28.48447780289591,0.0,0
proxy_hardened_no_worst_hours,last_year,signal_reason,V50 realtime loss proxy | variant=proxy_hardened_no_worst_hours | Side=BUY | score=83.0 | opposite_score=8.0 | session=NEW YORK | RR=2.00,1,1,0,100.0,inf,19.93456242090626,19.93456242090626,0.0,0
proxy_hardened_no_worst_hours,last_year,signal_reason,V50 realtime loss proxy | variant=proxy_hardened_no_worst_hours | Side=BUY | score=85.0 | opposite_score=4.0 | session=LONDON | RR=2.00,9,4,5,44.44444444444444,3.2199232566232414,207.69852544735363,23.077613938594848,38.754828118824946,3
proxy_hardened_no_worst_hours,last_year,signal_reason,V50 realtime loss proxy | variant=proxy_hardened_no_worst_hours | Side=BUY | score=89.0 | opposite_score=8.0 | session=LONDON | RR=2.00,1,0,1,0.0,0.0,-27.424967220171457,-27.424967220171457,27.424967220171457,1
proxy_hardened_no_worst_hours,last_year,signal_reason,V50 realtime loss proxy | variant=proxy_hardened_no_worst_hours | Side=BUY | score=89.0 | opposite_score=8.0 | session=NEW YORK | RR=2.00,5,1,4,20.0,0.35788047072290047,-91.07503921958849,-18.215007843917697,141.83502458198257,4
proxy_hardened_no_worst_hours,last_year,signal_reason,V50 realtime loss proxy | variant=proxy_hardened_no_worst_hours | Side=BUY | score=90.0 | opposite_score=11.0 | session=LONDON | RR=2.00,1,0,1,0.0,0.0,-8.568327166226554,-8.568327166226554,8.568327166226554,1
proxy_hardened_no_worst_hours,last_year,signal_reason,V50 realtime loss proxy | variant=proxy_hardened_no_worst_hours | Side=BUY | score=90.0 | opposite_score=4.0 | session=LONDON | RR=2.00,1,0,1,0.0,0.0,-14.90649119582311,-14.90649119582311,14.90649119582311,1
proxy_hardened_no_worst_hours,last_year,signal_reason,V50 realtime loss proxy | variant=proxy_hardened_no_worst_hours | Side=BUY | score=94.0 | opposite_score=15.0 | session=LONDON | RR=2.00,1,0,1,0.0,0.0,-11.609321657269064,-11.609321657269064,11.609321657269064,1
proxy_hardened_no_worst_hours,last_year,signal_reason,V50 realtime loss proxy | variant=proxy_hardened_no_worst_hours | Side=BUY | score=94.0 | opposite_score=8.0 | session=LONDON | RR=2.00,1,0,1,0.0,0.0,-5.6297972829480205,-5.6297972829480205,5.6297972829480205,1
proxy_hardened_no_worst_hours,last_year,signal_reason,V50 realtime loss proxy | variant=proxy_hardened_no_worst_hours | Side=BUY | score=94.0 | opposite_score=8.0 | session=NEW YORK | RR=2.00,4,2,2,50.0,2.8793897724816464,33.21107364679182,8.302768411697954,17.67120058493143,2
proxy_hardened_no_worst_hours,last_year,signal_reason,V50 realtime loss proxy | variant=proxy_hardened_no_worst_hours | Side=BUY | score=96.0 | opposite_score=11.0 | session=LONDON | RR=2.00,1,0,1,0.0,0.0,-5.4292171215893905,-5.4292171215893905,5.4292171215893905,1
proxy_hardened_no_worst_hours,last_year,signal_reason,V50 realtime loss proxy | variant=proxy_hardened_no_worst_hours | Side=BUY | score=96.0 | opposite_score=4.0 | session=LONDON | RR=2.00,23,6,17,26.08695652173913,0.4661456745259776,-127.93031227859323,-5.562187490373619,148.4028988954513,7
proxy_hardened_no_worst_hours,last_year,signal_reason,V50 realtime loss proxy | variant=proxy_hardened_no_worst_hours | Side=SELL | score=75.0 | opposite_score=11.0 | session=LONDON | RR=2.00,1,1,0,100.0,inf,14.752561295262169,14.752561295262169,0.0,0
proxy_hardened_no_worst_hours,last_year,signal_reason,V50 realtime loss proxy | variant=proxy_hardened_no_worst_hours | Side=SELL | score=75.0 | opposite_score=4.0 | session=LONDON | RR=2.00,2,0,2,0.0,0.0,-96.4410990395056,-48.2205495197528,96.4410990395056,2
proxy_hardened_no_worst_hours,last_year,signal_reason,V50 realtime loss proxy | variant=proxy_hardened_no_worst_hours | Side=SELL | score=78.0 | opposite_score=19.0 | session=LONDON | RR=2.00,2,1,1,50.0,5.383551256768809,55.19201485977443,27.596007429887216,12.590708224193875,1
proxy_hardened_no_worst_hours,last_year,signal_reason,V50 realtime loss proxy | variant=proxy_hardened_no_worst_hours | Side=SELL | score=78.0 | opposite_score=30.0 | session=LONDON | RR=2.00,1,1,0,100.0,inf,302.2861706576003,302.2861706576003,0.0,0
proxy_hardened_no_worst_hours,last_year,signal_reason,V50 realtime loss proxy | variant=proxy_hardened_no_worst_hours | Side=SELL | score=79.0 | opposite_score=26.0 | session=LONDON | RR=2.00,3,1,2,33.33333333333333,0.44447101837579256,-13.73180841265479,-4.5772694708849295,24.718437501688786,2
proxy_hardened_no_worst_hours,last_year,signal_reason,V50 realtime loss proxy | variant=proxy_hardened_no_worst_hours | Side=SELL | score=79.0 | opposite_score=4.0 | session=LONDON | RR=2.00,6,3,3,50.0,1.4620656572366573,23.30096168806703,3.8834936146778385,42.730372496449775,2
proxy_hardened_no_worst_hours,last_year,signal_reason,V50 realtime loss proxy | variant=proxy_hardened_no_worst_hours | Side=SELL | score=80.0 | opposite_score=15.0 | session=LONDON | RR=2.00,1,1,0,100.0,inf,48.48572421945559,48.48572421945559,0.0,0
proxy_hardened_no_worst_hours,last_year,signal_reason,V50 realtime loss proxy | variant=proxy_hardened_no_worst_hours | Side=SELL | score=83.0 | opposite_score=8.0 | session=LONDON | RR=2.00,2,1,1,50.0,1.5757322766529007,4.2270786822617445,2.1135393411308723,7.342090853124391,1
proxy_hardened_no_worst_hours,last_year,signal_reason,V50 realtime loss proxy | variant=proxy_hardened_no_worst_hours | Side=SELL | score=85.0 | opposite_score=26.0 | session=LONDON | RR=2.00,1,0,1,0.0,0.0,-9.031894293224086,-9.031894293224086,9.031894293224086,1
proxy_hardened_no_worst_hours,last_year,signal_reason,V50 realtime loss proxy | variant=proxy_hardened_no_worst_hours | Side=SELL | score=85.0 | opposite_score=4.0 | session=LONDON | RR=2.00,18,7,11,38.88888888888889,1.5837194691404615,142.20303706749309,7.900168725971838,111.03613101946618,3
proxy_hardened_no_worst_hours,last_year,signal_reason,V50 realtime loss proxy | variant=proxy_hardened_no_worst_hours | Side=SELL | score=86.0 | opposite_score=4.0 | session=LONDON | RR=2.00,1,1,0,100.0,inf,68.905037707991,68.905037707991,0.0,0
proxy_hardened_no_worst_hours,last_year,signal_reason,V50 realtime loss proxy | variant=proxy_hardened_no_worst_hours | Side=SELL | score=89.0 | opposite_score=8.0 | session=LONDON | RR=2.00,5,2,3,40.0,2.6425079991108023,54.36674078061926,10.873348156123852,21.957762232171863,2
proxy_hardened_no_worst_hours,last_year,signal_reason,V50 realtime loss proxy | variant=proxy_hardened_no_worst_hours | Side=SELL | score=90.0 | opposite_score=4.0 | session=LONDON | RR=2.00,1,0,1,0.0,0.0,-27.474772926118167,-27.474772926118167,27.474772926118167,1
proxy_hardened_no_worst_hours,last_year,signal_reason,V50 realtime loss proxy | variant=proxy_hardened_no_worst_hours | Side=SELL | score=96.0 | opposite_score=11.0 | session=LONDON | RR=2.00,1,1,0,100.0,inf,46.911465948516565,46.911465948516565,0.0,0
proxy_hardened_no_worst_hours,last_year,signal_reason,V50 realtime loss proxy | variant=proxy_hardened_no_worst_hours | Side=SELL | score=96.0 | opposite_score=4.0 | session=LONDON | RR=2.00,9,3,6,33.33333333333333,0.7240026856366227,-105.29270723740166,-11.699189693044628,200.22023379122646,2
proxy_hardened_no_worst_hours,last_year,score_bucket,score_70_74,31,10,21,32.25806451612903,1.2473371849441404,118.37146260400283,3.8184342775484783,140.81621338422394,7
proxy_hardened_no_worst_hours,last_year,score_bucket,score_75_79,42,21,21,50.0,1.7143953522303037,355.3991473509572,8.461884460737076,133.4281609618526,4
proxy_hardened_no_worst_hours,last_year,score_bucket,score_80_89,63,30,33,47.61904761904761,1.9305288150725628,627.9376990429937,9.967265064174503,108.4106463503854,5
proxy_hardened_no_worst_hours,last_year,score_bucket,score_90_plus,60,23,37,38.333333333333336,1.002513114566041,2.0139424751532857,0.03356570791922143,268.12149208571407,6
proxy_hardened_no_worst_hours,last_year,day_of_week,Friday,43,21,22,48.837209302325576,2.646266820140729,763.1210550111372,17.74700127932877,182.95206249006935,5
proxy_hardened_no_worst_hours,last_year,day_of_week,Monday,33,20,13,60.60606060606061,1.1263663017779393,55.49813129442376,1.6817615543764775,395.65873547553866,8
proxy_hardened_no_worst_hours,last_year,day_of_week,Sunday,6,2,4,33.33333333333333,1.0581989972680288,2.845213023077978,0.47420217051299635,29.058743967067276,3
proxy_hardened_no_worst_hours,last_year,day_of_week,Thursday,36,12,24,33.33333333333333,0.8976624372223806,-57.93423015215404,-1.6092841708931678,260.5845288068383,8
proxy_hardened_no_worst_hours,last_year,day_of_week,Tuesday,43,16,27,37.2093023255814,1.1550803825656388,82.05219376288555,1.9081905526252454,169.49451016256214,6
proxy_hardened_no_worst_hours,last_year,day_of_week,Wednesday,35,13,22,37.142857142857146,1.636699116222445,258.13988853373684,7.375425386678195,110.59301677562541,7
